id	scatter_idx	chrom	start	end	scatter_length
CM026847.1	scat_0001	CM026847.1	1	4876117	4876117
CM026847.1	scat_0002	CM026847.1	4876118	9752234	4876117
CM026847.1	scat_0003	CM026847.1	9752235	14628351	4876117
CM026847.1	scat_0004	CM026847.1	14628352	19504468	4876117
CM026847.1	scat_0005	CM026847.1	19504469	24380585	4876117
CM026847.1	scat_0006	CM026847.1	24380586	29256702	4876117
CM026847.1	scat_0007	CM026847.1	29256703	34132819	4876117
CM026847.1	scat_0008	CM026847.1	34132820	39008936	4876117
CM026847.1	scat_0009	CM026847.1	39008937	43885053	4876117
CM026847.1	scat_0010	CM026847.1	43885054	48761170	4876117
CM026847.1	scat_0011	CM026847.1	48761171	53637287	4876117
CM026847.1	scat_0012	CM026847.1	53637288	58513404	4876117
CM026847.1	scat_0013	CM026847.1	58513405	63389521	4876117
CM026847.1	scat_0014	CM026847.1	63389522	68265638	4876117
CM026847.1	scat_0015	CM026847.1	68265639	73141755	4876117
CM026847.1	scat_0016	CM026847.1	73141756	78017872	4876117
CM026847.1	scat_0017	CM026847.1	78017873	82893989	4876117
CM026847.1	scat_0018	CM026847.1	82893990	87770106	4876117
CM026847.1	scat_0019	CM026847.1	87770107	92646223	4876117
CM026847.1	scat_0020	CM026847.1	92646224	97522340	4876117
CM026847.1	scat_0021	CM026847.1	97522341	102398457	4876117
CM026847.1	scat_0022	CM026847.1	102398458	107274574	4876117
CM026847.1	scat_0023	CM026847.1	107274575	112150691	4876117
CM026847.1	scat_0024	CM026847.1	112150692	117026808	4876117
CM026847.1	scat_0025	CM026847.1	117026809	121902925	4876117
CM026847.1	scat_0026	CM026847.1	121902926	126779042	4876117
CM026847.1	scat_0027	CM026847.1	126779043	131655159	4876117
CM026847.1	scat_0028	CM026847.1	131655160	136531276	4876117
CM026847.1	scat_0029	CM026847.1	136531277	141407393	4876117
CM026847.1	scat_0030	CM026847.1	141407394	146283510	4876117
CM026847.1	scat_0031	CM026847.1	146283511	151159627	4876117
CM026847.1	scat_0032	CM026847.1	151159628	156035725	4876098
CM026848.1	scat_0001	CM026848.1	1	4959310	4959310
CM026848.1	scat_0002	CM026848.1	4959311	9918620	4959310
CM026848.1	scat_0003	CM026848.1	9918621	14877930	4959310
CM026848.1	scat_0004	CM026848.1	14877931	19837240	4959310
CM026848.1	scat_0005	CM026848.1	19837241	24796550	4959310
CM026848.1	scat_0006	CM026848.1	24796551	29755860	4959310
CM026848.1	scat_0007	CM026848.1	29755861	34715170	4959310
CM026848.1	scat_0008	CM026848.1	34715171	39674480	4959310
CM026848.1	scat_0009	CM026848.1	39674481	44633790	4959310
CM026848.1	scat_0010	CM026848.1	44633791	49593100	4959310
CM026848.1	scat_0011	CM026848.1	49593101	54552410	4959310
CM026848.1	scat_0012	CM026848.1	54552411	59511720	4959310
CM026848.1	scat_0013	CM026848.1	59511721	64471030	4959310
CM026848.1	scat_0014	CM026848.1	64471031	69430340	4959310
CM026848.1	scat_0015	CM026848.1	69430341	74389650	4959310
CM026848.1	scat_0016	CM026848.1	74389651	79348960	4959310
CM026848.1	scat_0017	CM026848.1	79348961	84308270	4959310
CM026848.1	scat_0018	CM026848.1	84308271	89267580	4959310
CM026848.1	scat_0019	CM026848.1	89267581	94226890	4959310
CM026848.1	scat_0020	CM026848.1	94226891	99186200	4959310
CM026848.1	scat_0021	CM026848.1	99186201	104145510	4959310
CM026848.1	scat_0022	CM026848.1	104145511	109104820	4959310
CM026848.1	scat_0023	CM026848.1	109104821	114064130	4959310
CM026848.1	scat_0024	CM026848.1	114064131	119023421	4959291
CM026849.1	scat_0001	CM026849.1	1	4866735	4866735
CM026849.1	scat_0002	CM026849.1	4866736	9733470	4866735
CM026849.1	scat_0003	CM026849.1	9733471	14600205	4866735
CM026849.1	scat_0004	CM026849.1	14600206	19466940	4866735
CM026849.1	scat_0005	CM026849.1	19466941	24333675	4866735
CM026849.1	scat_0006	CM026849.1	24333676	29200410	4866735
CM026849.1	scat_0007	CM026849.1	29200411	34067145	4866735
CM026849.1	scat_0008	CM026849.1	34067146	38933880	4866735
CM026849.1	scat_0009	CM026849.1	38933881	43800615	4866735
CM026849.1	scat_0010	CM026849.1	43800616	48667350	4866735
CM026849.1	scat_0011	CM026849.1	48667351	53534085	4866735
CM026849.1	scat_0012	CM026849.1	53534086	58400820	4866735
CM026849.1	scat_0013	CM026849.1	58400821	63267555	4866735
CM026849.1	scat_0014	CM026849.1	63267556	68134290	4866735
CM026849.1	scat_0015	CM026849.1	68134291	73001025	4866735
CM026849.1	scat_0016	CM026849.1	73001026	77867760	4866735
CM026849.1	scat_0017	CM026849.1	77867761	82734495	4866735
CM026849.1	scat_0018	CM026849.1	82734496	87601230	4866735
CM026849.1	scat_0019	CM026849.1	87601231	92467965	4866735
CM026849.1	scat_0020	CM026849.1	92467966	97334700	4866735
CM026849.1	scat_0021	CM026849.1	97334701	102201435	4866735
CM026849.1	scat_0022	CM026849.1	102201436	107068170	4866735
CM026849.1	scat_0023	CM026849.1	107068171	111934905	4866735
CM026849.1	scat_0024	CM026849.1	111934906	116801625	4866720
CM026850.1	scat_0001	CM026850.1	1	4761712	4761712
CM026850.1	scat_0002	CM026850.1	4761713	9523424	4761712
CM026850.1	scat_0003	CM026850.1	9523425	14285136	4761712
CM026850.1	scat_0004	CM026850.1	14285137	19046848	4761712
CM026850.1	scat_0005	CM026850.1	19046849	23808560	4761712
CM026850.1	scat_0006	CM026850.1	23808561	28570272	4761712
CM026850.1	scat_0007	CM026850.1	28570273	33331984	4761712
CM026850.1	scat_0008	CM026850.1	33331985	38093696	4761712
CM026850.1	scat_0009	CM026850.1	38093697	42855408	4761712
CM026850.1	scat_0010	CM026850.1	42855409	47617120	4761712
CM026850.1	scat_0011	CM026850.1	47617121	52378832	4761712
CM026850.1	scat_0012	CM026850.1	52378833	57140544	4761712
CM026850.1	scat_0013	CM026850.1	57140545	61902256	4761712
CM026850.1	scat_0014	CM026850.1	61902257	66663968	4761712
CM026850.1	scat_0015	CM026850.1	66663969	71425680	4761712
CM026850.1	scat_0016	CM026850.1	71425681	76187387	4761707
CM026851.1	scat_0001	CM026851.1	1	4883807	4883807
CM026851.1	scat_0002	CM026851.1	4883808	9767614	4883807
CM026851.1	scat_0003	CM026851.1	9767615	14651421	4883807
CM026851.1	scat_0004	CM026851.1	14651422	19535228	4883807
CM026851.1	scat_0005	CM026851.1	19535229	24419035	4883807
CM026851.1	scat_0006	CM026851.1	24419036	29302842	4883807
CM026851.1	scat_0007	CM026851.1	29302843	34186649	4883807
CM026851.1	scat_0008	CM026851.1	34186650	39070456	4883807
CM026851.1	scat_0009	CM026851.1	39070457	43954263	4883807
CM026851.1	scat_0010	CM026851.1	43954264	48838070	4883807
CM026851.1	scat_0011	CM026851.1	48838071	53721877	4883807
CM026851.1	scat_0012	CM026851.1	53721878	58605684	4883807
CM026851.1	scat_0013	CM026851.1	58605685	63489491	4883807
CM026851.1	scat_0014	CM026851.1	63489492	68373298	4883807
CM026851.1	scat_0015	CM026851.1	68373299	73257097	4883799
CM026852.1	scat_0001	CM026852.1	1	4866038	4866038
CM026852.1	scat_0002	CM026852.1	4866039	9732076	4866038
CM026852.1	scat_0003	CM026852.1	9732077	14598114	4866038
CM026852.1	scat_0004	CM026852.1	14598115	19464152	4866038
CM026852.1	scat_0005	CM026852.1	19464153	24330190	4866038
CM026852.1	scat_0006	CM026852.1	24330191	29196228	4866038
CM026852.1	scat_0007	CM026852.1	29196229	34062266	4866038
CM026852.1	scat_0008	CM026852.1	34062267	38928304	4866038
CM026852.1	scat_0009	CM026852.1	38928305	43794342	4866038
CM026852.1	scat_0010	CM026852.1	43794343	48660380	4866038
CM026852.1	scat_0011	CM026852.1	48660381	53526418	4866038
CM026852.1	scat_0012	CM026852.1	53526419	58392456	4866038
CM026852.1	scat_0013	CM026852.1	58392457	63258489	4866033
CM026853.1	scat_0001	CM026853.1	1	4807456	4807456
CM026853.1	scat_0002	CM026853.1	4807457	9614912	4807456
CM026853.1	scat_0003	CM026853.1	9614913	14422368	4807456
CM026853.1	scat_0004	CM026853.1	14422369	19229824	4807456
CM026853.1	scat_0005	CM026853.1	19229825	24037280	4807456
CM026853.1	scat_0006	CM026853.1	24037281	28844736	4807456
CM026853.1	scat_0007	CM026853.1	28844737	33652192	4807456
CM026853.1	scat_0008	CM026853.1	33652193	38459648	4807456
CM026854.1	scat_0001	CM026854.1	1	4510674	4510674
CM026854.1	scat_0002	CM026854.1	4510675	9021348	4510674
CM026854.1	scat_0003	CM026854.1	9021349	13532022	4510674
CM026854.1	scat_0004	CM026854.1	13532023	18042696	4510674
CM026854.1	scat_0005	CM026854.1	18042697	22553370	4510674
CM026854.1	scat_0006	CM026854.1	22553371	27064044	4510674
CM026854.1	scat_0007	CM026854.1	27064045	31574718	4510674
CM026854.1	scat_0008	CM026854.1	31574719	36085389	4510671
CM026855.1	scat_0001	CM026855.1	1	4466073	4466073
CM026855.1	scat_0002	CM026855.1	4466074	8932146	4466073
CM026855.1	scat_0003	CM026855.1	8932147	13398219	4466073
CM026855.1	scat_0004	CM026855.1	13398220	17864292	4466073
CM026855.1	scat_0005	CM026855.1	17864293	22330365	4466073
CM026855.1	scat_0006	CM026855.1	22330366	26796438	4466073
CM026855.1	scat_0007	CM026855.1	26796439	31262510	4466072
CM026856.1	scat_0001	CM026856.1	1	4313376	4313376
CM026856.1	scat_0002	CM026856.1	4313377	8626752	4313376
CM026856.1	scat_0003	CM026856.1	8626753	12940128	4313376
CM026856.1	scat_0004	CM026856.1	12940129	17253504	4313376
CM026856.1	scat_0005	CM026856.1	17253505	21566880	4313376
CM026856.1	scat_0006	CM026856.1	21566881	25880253	4313373
CM026857.1	scat_0001	CM026857.1	1	4298372	4298372
CM026857.1	scat_0002	CM026857.1	4298373	8596744	4298372
CM026857.1	scat_0003	CM026857.1	8596745	12895116	4298372
CM026857.1	scat_0004	CM026857.1	12895117	17193488	4298372
CM026857.1	scat_0005	CM026857.1	17193489	21491857	4298369
CM026858.1	scat_0001	CM026858.1	1	4178105	4178105
CM026858.1	scat_0002	CM026858.1	4178106	8356210	4178105
CM026858.1	scat_0003	CM026858.1	8356211	12534315	4178105
CM026858.1	scat_0004	CM026858.1	12534316	16712420	4178105
CM026858.1	scat_0005	CM026858.1	16712421	20890524	4178104
CM026859.1	scat_0001	CM026859.1	1	4054426	4054426
CM026859.1	scat_0002	CM026859.1	4054427	8108852	4054426
CM026859.1	scat_0003	CM026859.1	8108853	12163278	4054426
CM026859.1	scat_0004	CM026859.1	12163279	16217704	4054426
CM026859.1	scat_0005	CM026859.1	16217705	20272128	4054424
CM026860.1	scat_0001	CM026860.1	1	4702712	4702712
CM026860.1	scat_0002	CM026860.1	4702713	9405424	4702712
CM026860.1	scat_0003	CM026860.1	9405425	14108136	4702712
CM026860.1	scat_0004	CM026860.1	14108137	18810845	4702709
CM026861.1	scat_0001	CM026861.1	1	4135285	4135285
CM026861.1	scat_0002	CM026861.1	4135286	8270570	4135285
CM026861.1	scat_0003	CM026861.1	8270571	12405855	4135285
CM026861.1	scat_0004	CM026861.1	12405856	16541138	4135283
CM026862.1	scat_0001	CM026862.1	1	3819461	3819461
CM026862.1	scat_0002	CM026862.1	3819462	7638922	3819461
CM026862.1	scat_0003	CM026862.1	7638923	11458383	3819461
CM026862.1	scat_0004	CM026862.1	11458384	15277844	3819461
CM026863.1	scat_0001	CM026863.1	1	4661981	4661981
CM026863.1	scat_0002	CM026863.1	4661982	9323962	4661981
CM026863.1	scat_0003	CM026863.1	9323963	13985943	4661981
CM026864.1	scat_0001	CM026864.1	1	4024575	4024575
CM026864.1	scat_0002	CM026864.1	4024576	8049150	4024575
CM026864.1	scat_0003	CM026864.1	8049151	12073725	4024575
CM026865.1	scat_0001	CM026865.1	1	3794034	3794034
CM026865.1	scat_0002	CM026865.1	3794035	7588068	3794034
CM026865.1	scat_0003	CM026865.1	7588069	11382101	3794033
CM026866.1	scat_0001	CM026866.1	1	3731447	3731447
CM026866.1	scat_0002	CM026866.1	3731448	7462894	3731447
CM026866.1	scat_0003	CM026866.1	7462895	11194341	3731447
CM026867.1	scat_0001	CM026867.1	1	4808602	4808602
CM026867.1	scat_0002	CM026867.1	4808603	9617204	4808602
CM026868.1	scat_0001	CM026868.1	1	3753913	3753913
CM026868.1	scat_0002	CM026868.1	3753914	7507825	3753912
CM026869.1	scat_0001	CM026869.1	1	3549201	3549201
CM026869.1	scat_0002	CM026869.1	3549202	7098401	3549200
CM026870.1	scat_0001	CM026870.1	1	3421977	3421977
CM026870.1	scat_0002	CM026870.1	3421978	6843954	3421977
CM026871.1	scat_0001	CM026871.1	1	3389431	3389431
CM026871.1	scat_0002	CM026871.1	3389432	6778862	3389431
CM026872.1	scat_0001	CM026872.1	1	2776775	2776775
CM026872.1	scat_0002	CM026872.1	2776776	5553549	2776774
CM026873.1	scat_0001	CM026873.1	1	2618226	2618226
CM026873.1	scat_0002	CM026873.1	2618227	5236451	2618225
CM026874.1	scat_0001	CM026874.1	1	2648835	2648835
CM026874.1	scat_0002	CM026874.1	2648836	5297670	2648835
CM026884.1	scat_0001	CM026884.1	1	4529154	4529154
CM026884.1	scat_0002	CM026884.1	4529155	9058308	4529154
CM026884.1	scat_0003	CM026884.1	9058309	13587462	4529154
CM026884.1	scat_0004	CM026884.1	13587463	18116616	4529154
CM026884.1	scat_0005	CM026884.1	18116617	22645770	4529154
CM026884.1	scat_0006	CM026884.1	22645771	27174924	4529154
CM026884.1	scat_0007	CM026884.1	27174925	31704074	4529150
CM026885.1	scat_0001	CM026885.1	1	4743816	4743816
CM026885.1	scat_0002	CM026885.1	4743817	9487632	4743816
CM026885.1	scat_0003	CM026885.1	9487633	14231448	4743816
CM026885.1	scat_0004	CM026885.1	14231449	18975264	4743816
CM026885.1	scat_0005	CM026885.1	18975265	23719080	4743816
CM026885.1	scat_0006	CM026885.1	23719081	28462896	4743816
CM026885.1	scat_0007	CM026885.1	28462897	33206712	4743816
CM026885.1	scat_0008	CM026885.1	33206713	37950528	4743816
CM026885.1	scat_0009	CM026885.1	37950529	42694344	4743816
CM026885.1	scat_0010	CM026885.1	42694345	47438160	4743816
CM026885.1	scat_0011	CM026885.1	47438161	52181976	4743816
CM026885.1	scat_0012	CM026885.1	52181977	56925792	4743816
CM026885.1	scat_0013	CM026885.1	56925793	61669608	4743816
CM026885.1	scat_0014	CM026885.1	61669609	66413424	4743816
CM026885.1	scat_0015	CM026885.1	66413425	71157240	4743816
CM026885.1	scat_0016	CM026885.1	71157241	75901056	4743816
CM026885.1	scat_0017	CM026885.1	75901057	80644872	4743816
CM026885.1	scat_0018	CM026885.1	80644873	85388688	4743816
CM026885.1	scat_0019	CM026885.1	85388689	90132487	4743799
scaff_group_001	scat_0001	JADDRP030000578.1	1	353740	2105556
scaff_group_001	scat_0001	JADDRP030000569.1	1	281945	2105556
scaff_group_001	scat_0001	JADDRP030000058.1	1	109630	2105556
scaff_group_001	scat_0001	JADDRP030000105.1	1	69765	2105556
scaff_group_001	scat_0001	JADDRP030000603.1	1	43722	2105556
scaff_group_001	scat_0001	JADDRP030000057.1	1	111011	2105556
scaff_group_001	scat_0001	JADDRP030000075.1	1	92199	2105556
scaff_group_001	scat_0001	JADDRP030000605.1	1	17442	2105556
scaff_group_001	scat_0001	JADDRP030000610.1	1	32528	2105556
scaff_group_001	scat_0001	JADDRP030000597.1	1	29558	2105556
scaff_group_001	scat_0001	JADDRP030000078.1	1	89507	2105556
scaff_group_001	scat_0001	JADDRP030000572.1	1	216157	2105556
scaff_group_001	scat_0001	JADDRP030000053.1	1	116708	2105556
scaff_group_001	scat_0001	JADDRP030000052.1	1	116594	2105556
scaff_group_001	scat_0001	JADDRP030000606.1	1	41746	2105556
scaff_group_001	scat_0001	JADDRP030000586.1	1	17742	2105556
scaff_group_001	scat_0001	JADDRP030000604.1	1	36741	2105556
scaff_group_001	scat_0001	JADDRP030000098.1	1	72671	2105556
scaff_group_001	scat_0001	JADDRP030000612.1	1	34847	2105556
scaff_group_001	scat_0001	JADDRP030000600.1	1	35023	2105556
scaff_group_001	scat_0001	JADDRP030000067.1	1	95381	2105556
scaff_group_001	scat_0001	JADDRP030000116.1	1	65965	2105556
scaff_group_001	scat_0001	JADDRP030000599.1	1	24934	2105556
scaff_group_002	scat_0001	CM026875.1	1	2102120	2304990
scaff_group_002	scat_0001	JADDRP030000110.1	1	67659	2304990
scaff_group_002	scat_0001	JADDRP030000593.1	1	135211	2304990
scaff_group_003	scat_0001	CM026876.1	1	1648998	4488706
scaff_group_003	scat_0001	JADDRP030000592.1	1	27319	4488706
scaff_group_003	scat_0001	CM026877.1	1	1590086	4488706
scaff_group_003	scat_0001	CM026878.1	1	784579	4488706
scaff_group_003	scat_0001	CM026879.1	1	437724	4488706
scaff_group_004	scat_0001	JADDRP030000570.1	1	276281	2615959
scaff_group_004	scat_0001	CM026880.1	1	606149	2615959
scaff_group_004	scat_0001	CM026881.1	1	523230	2615959
scaff_group_004	scat_0001	CM026882.1	1	338027	2615959
scaff_group_004	scat_0001	CM026883.1	1	276370	2615959
scaff_group_004	scat_0001	CM037478.1	1	220485	2615959
scaff_group_004	scat_0001	JADDRP030000048.1	1	129379	2615959
scaff_group_004	scat_0001	JADDRP030000114.1	1	66528	2615959
scaff_group_004	scat_0001	JADDRP030000591.1	1	58025	2615959
scaff_group_004	scat_0001	JADDRP030000590.1	1	55694	2615959
scaff_group_004	scat_0001	JADDRP030000177.1	1	45236	2615959
scaff_group_004	scat_0001	JADDRP030000369.1	1	20555	2615959
scaff_group_005	scat_0001	JADDRP030000546.1	1	626370	3386977
scaff_group_005	scat_0001	JADDRP030000159.1	1	49179	3386977
scaff_group_005	scat_0001	CM037479.1	1	65965	3386977
scaff_group_005	scat_0001	JADDRP030000124.1	1	59756	3386977
scaff_group_005	scat_0001	JADDRP030000204.1	1	41126	3386977
scaff_group_005	scat_0001	JADDRP030000259.1	1	31674	3386977
scaff_group_005	scat_0001	JADDRP030000406.1	1	17372	3386977
scaff_group_005	scat_0001	JADDRP030000425.1	1	16061	3386977
scaff_group_005	scat_0001	JADDRP030000486.1	1	10049	3386977
scaff_group_005	scat_0001	JADDRP030000514.1	1	8154	3386977
scaff_group_005	scat_0001	JADDRP030000608.1	1	25280	3386977
scaff_group_005	scat_0001	JADDRP030000040.1	1	184266	3386977
scaff_group_005	scat_0001	JADDRP030000041.1	1	175019	3386977
scaff_group_005	scat_0001	JADDRP030000042.1	1	173654	3386977
scaff_group_005	scat_0001	JADDRP030000043.1	1	165671	3386977
scaff_group_005	scat_0001	JADDRP030000044.1	1	157054	3386977
scaff_group_005	scat_0001	JADDRP030000045.1	1	153477	3386977
scaff_group_005	scat_0001	JADDRP030000046.1	1	152605	3386977
scaff_group_005	scat_0001	JADDRP030000047.1	1	136196	3386977
scaff_group_005	scat_0001	JADDRP030000049.1	1	125245	3386977
scaff_group_005	scat_0001	JADDRP030000050.1	1	125345	3386977
scaff_group_005	scat_0001	JADDRP030000051.1	1	121830	3386977
scaff_group_005	scat_0001	JADDRP030000054.1	1	113997	3386977
scaff_group_005	scat_0001	JADDRP030000055.1	1	113165	3386977
scaff_group_005	scat_0001	JADDRP030000056.1	1	112527	3386977
scaff_group_005	scat_0001	JADDRP030000059.1	1	107883	3386977
scaff_group_005	scat_0001	JADDRP030000060.1	1	106959	3386977
scaff_group_005	scat_0001	JADDRP030000061.1	1	105803	3386977
scaff_group_005	scat_0001	JADDRP030000062.1	1	105295	3386977
scaff_group_006	scat_0001	JADDRP030000063.1	1	105276	3067470
scaff_group_006	scat_0001	JADDRP030000064.1	1	103331	3067470
scaff_group_006	scat_0001	JADDRP030000065.1	1	101545	3067470
scaff_group_006	scat_0001	JADDRP030000066.1	1	101080	3067470
scaff_group_006	scat_0001	JADDRP030000068.1	1	94243	3067470
scaff_group_006	scat_0001	JADDRP030000069.1	1	94630	3067470
scaff_group_006	scat_0001	JADDRP030000070.1	1	94237	3067470
scaff_group_006	scat_0001	JADDRP030000071.1	1	92831	3067470
scaff_group_006	scat_0001	JADDRP030000072.1	1	92487	3067470
scaff_group_006	scat_0001	JADDRP030000073.1	1	92495	3067470
scaff_group_006	scat_0001	JADDRP030000074.1	1	92726	3067470
scaff_group_006	scat_0001	JADDRP030000076.1	1	89679	3067470
scaff_group_006	scat_0001	JADDRP030000077.1	1	89074	3067470
scaff_group_006	scat_0001	JADDRP030000079.1	1	87880	3067470
scaff_group_006	scat_0001	JADDRP030000080.1	1	87660	3067470
scaff_group_006	scat_0001	JADDRP030000081.1	1	86040	3067470
scaff_group_006	scat_0001	JADDRP030000082.1	1	85406	3067470
scaff_group_006	scat_0001	JADDRP030000083.1	1	84613	3067470
scaff_group_006	scat_0001	JADDRP030000084.1	1	83749	3067470
scaff_group_006	scat_0001	JADDRP030000085.1	1	81357	3067470
scaff_group_006	scat_0001	JADDRP030000086.1	1	81519	3067470
scaff_group_006	scat_0001	JADDRP030000087.1	1	81334	3067470
scaff_group_006	scat_0001	JADDRP030000088.1	1	80292	3067470
scaff_group_006	scat_0001	JADDRP030000089.1	1	79823	3067470
scaff_group_006	scat_0001	JADDRP030000090.1	1	79806	3067470
scaff_group_006	scat_0001	JADDRP030000091.1	1	78330	3067470
scaff_group_006	scat_0001	JADDRP030000092.1	1	77798	3067470
scaff_group_006	scat_0001	JADDRP030000093.1	1	76841	3067470
scaff_group_006	scat_0001	JADDRP030000094.1	1	76775	3067470
scaff_group_006	scat_0001	JADDRP030000095.1	1	75789	3067470
scaff_group_006	scat_0001	JADDRP030000096.1	1	75386	3067470
scaff_group_006	scat_0001	JADDRP030000097.1	1	74147	3067470
scaff_group_006	scat_0001	JADDRP030000099.1	1	72628	3067470
scaff_group_006	scat_0001	JADDRP030000100.1	1	73021	3067470
scaff_group_006	scat_0001	JADDRP030000101.1	1	72331	3067470
scaff_group_006	scat_0001	JADDRP030000102.1	1	71311	3067470
scaff_group_007	scat_0001	JADDRP030000103.1	1	70842	3023871
scaff_group_007	scat_0001	JADDRP030000104.1	1	70719	3023871
scaff_group_007	scat_0001	JADDRP030000106.1	1	68303	3023871
scaff_group_007	scat_0001	JADDRP030000107.1	1	69316	3023871
scaff_group_007	scat_0001	JADDRP030000108.1	1	67698	3023871
scaff_group_007	scat_0001	JADDRP030000109.1	1	68607	3023871
scaff_group_007	scat_0001	JADDRP030000111.1	1	67835	3023871
scaff_group_007	scat_0001	JADDRP030000112.1	1	67114	3023871
scaff_group_007	scat_0001	JADDRP030000113.1	1	66974	3023871
scaff_group_007	scat_0001	JADDRP030000115.1	1	66184	3023871
scaff_group_007	scat_0001	JADDRP030000117.1	1	65158	3023871
scaff_group_007	scat_0001	JADDRP030000118.1	1	66346	3023871
scaff_group_007	scat_0001	JADDRP030000119.1	1	64617	3023871
scaff_group_007	scat_0001	JADDRP030000120.1	1	64974	3023871
scaff_group_007	scat_0001	JADDRP030000121.1	1	62800	3023871
scaff_group_007	scat_0001	JADDRP030000122.1	1	61585	3023871
scaff_group_007	scat_0001	JADDRP030000123.1	1	61771	3023871
scaff_group_007	scat_0001	JADDRP030000125.1	1	58768	3023871
scaff_group_007	scat_0001	JADDRP030000126.1	1	58340	3023871
scaff_group_007	scat_0001	JADDRP030000127.1	1	57506	3023871
scaff_group_007	scat_0001	JADDRP030000128.1	1	57929	3023871
scaff_group_007	scat_0001	JADDRP030000129.1	1	57243	3023871
scaff_group_007	scat_0001	JADDRP030000130.1	1	56688	3023871
scaff_group_007	scat_0001	JADDRP030000131.1	1	57504	3023871
scaff_group_007	scat_0001	JADDRP030000132.1	1	55825	3023871
scaff_group_007	scat_0001	JADDRP030000133.1	1	53543	3023871
scaff_group_007	scat_0001	JADDRP030000134.1	1	54571	3023871
scaff_group_007	scat_0001	JADDRP030000135.1	1	52525	3023871
scaff_group_007	scat_0001	JADDRP030000136.1	1	53198	3023871
scaff_group_007	scat_0001	JADDRP030000137.1	1	52535	3023871
scaff_group_007	scat_0001	JADDRP030000138.1	1	52425	3023871
scaff_group_007	scat_0001	JADDRP030000139.1	1	52292	3023871
scaff_group_007	scat_0001	JADDRP030000140.1	1	52051	3023871
scaff_group_007	scat_0001	JADDRP030000141.1	1	51809	3023871
scaff_group_007	scat_0001	JADDRP030000142.1	1	51696	3023871
scaff_group_007	scat_0001	JADDRP030000143.1	1	51624	3023871
scaff_group_007	scat_0001	JADDRP030000144.1	1	51461	3023871
scaff_group_007	scat_0001	JADDRP030000145.1	1	51591	3023871
scaff_group_007	scat_0001	JADDRP030000146.1	1	51787	3023871
scaff_group_007	scat_0001	JADDRP030000147.1	1	51007	3023871
scaff_group_007	scat_0001	JADDRP030000148.1	1	51014	3023871
scaff_group_007	scat_0001	JADDRP030000149.1	1	50491	3023871
scaff_group_007	scat_0001	JADDRP030000150.1	1	50305	3023871
scaff_group_007	scat_0001	JADDRP030000151.1	1	49895	3023871
scaff_group_007	scat_0001	JADDRP030000152.1	1	50250	3023871
scaff_group_007	scat_0001	JADDRP030000153.1	1	49752	3023871
scaff_group_007	scat_0001	JADDRP030000154.1	1	49872	3023871
scaff_group_007	scat_0001	JADDRP030000155.1	1	50314	3023871
scaff_group_007	scat_0001	JADDRP030000156.1	1	49965	3023871
scaff_group_007	scat_0001	JADDRP030000157.1	1	49383	3023871
scaff_group_007	scat_0001	JADDRP030000158.1	1	49201	3023871
scaff_group_007	scat_0001	JADDRP030000160.1	1	49426	3023871
scaff_group_007	scat_0001	JADDRP030000161.1	1	49242	3023871
scaff_group_008	scat_0001	JADDRP030000162.1	1	49194	3001840
scaff_group_008	scat_0001	JADDRP030000163.1	1	48625	3001840
scaff_group_008	scat_0001	JADDRP030000164.1	1	48560	3001840
scaff_group_008	scat_0001	JADDRP030000165.1	1	47940	3001840
scaff_group_008	scat_0001	JADDRP030000166.1	1	47950	3001840
scaff_group_008	scat_0001	JADDRP030000167.1	1	47646	3001840
scaff_group_008	scat_0001	JADDRP030000168.1	1	47236	3001840
scaff_group_008	scat_0001	JADDRP030000169.1	1	47070	3001840
scaff_group_008	scat_0001	JADDRP030000170.1	1	46907	3001840
scaff_group_008	scat_0001	JADDRP030000171.1	1	46763	3001840
scaff_group_008	scat_0001	JADDRP030000172.1	1	46541	3001840
scaff_group_008	scat_0001	JADDRP030000173.1	1	46903	3001840
scaff_group_008	scat_0001	JADDRP030000174.1	1	46920	3001840
scaff_group_008	scat_0001	JADDRP030000175.1	1	46842	3001840
scaff_group_008	scat_0001	JADDRP030000176.1	1	46064	3001840
scaff_group_008	scat_0001	JADDRP030000178.1	1	45734	3001840
scaff_group_008	scat_0001	JADDRP030000179.1	1	44943	3001840
scaff_group_008	scat_0001	JADDRP030000180.1	1	45424	3001840
scaff_group_008	scat_0001	JADDRP030000181.1	1	44464	3001840
scaff_group_008	scat_0001	JADDRP030000182.1	1	45317	3001840
scaff_group_008	scat_0001	JADDRP030000183.1	1	45028	3001840
scaff_group_008	scat_0001	JADDRP030000184.1	1	44043	3001840
scaff_group_008	scat_0001	JADDRP030000185.1	1	43861	3001840
scaff_group_008	scat_0001	JADDRP030000186.1	1	43839	3001840
scaff_group_008	scat_0001	JADDRP030000187.1	1	43830	3001840
scaff_group_008	scat_0001	JADDRP030000188.1	1	43845	3001840
scaff_group_008	scat_0001	JADDRP030000189.1	1	43148	3001840
scaff_group_008	scat_0001	JADDRP030000190.1	1	42694	3001840
scaff_group_008	scat_0001	JADDRP030000191.1	1	42460	3001840
scaff_group_008	scat_0001	JADDRP030000192.1	1	42819	3001840
scaff_group_008	scat_0001	JADDRP030000193.1	1	42250	3001840
scaff_group_008	scat_0001	JADDRP030000194.1	1	42423	3001840
scaff_group_008	scat_0001	JADDRP030000195.1	1	41954	3001840
scaff_group_008	scat_0001	JADDRP030000196.1	1	41963	3001840
scaff_group_008	scat_0001	JADDRP030000197.1	1	42022	3001840
scaff_group_008	scat_0001	JADDRP030000198.1	1	41681	3001840
scaff_group_008	scat_0001	JADDRP030000199.1	1	41590	3001840
scaff_group_008	scat_0001	JADDRP030000200.1	1	41117	3001840
scaff_group_008	scat_0001	JADDRP030000201.1	1	41022	3001840
scaff_group_008	scat_0001	JADDRP030000202.1	1	41663	3001840
scaff_group_008	scat_0001	JADDRP030000203.1	1	40932	3001840
scaff_group_008	scat_0001	JADDRP030000205.1	1	40479	3001840
scaff_group_008	scat_0001	JADDRP030000206.1	1	40633	3001840
scaff_group_008	scat_0001	JADDRP030000207.1	1	40931	3001840
scaff_group_008	scat_0001	JADDRP030000208.1	1	39963	3001840
scaff_group_008	scat_0001	JADDRP030000209.1	1	39928	3001840
scaff_group_008	scat_0001	JADDRP030000210.1	1	39717	3001840
scaff_group_008	scat_0001	JADDRP030000211.1	1	39340	3001840
scaff_group_008	scat_0001	JADDRP030000212.1	1	39447	3001840
scaff_group_008	scat_0001	JADDRP030000213.1	1	38642	3001840
scaff_group_008	scat_0001	JADDRP030000214.1	1	38508	3001840
scaff_group_008	scat_0001	JADDRP030000215.1	1	38468	3001840
scaff_group_008	scat_0001	JADDRP030000216.1	1	38288	3001840
scaff_group_008	scat_0001	JADDRP030000217.1	1	38274	3001840
scaff_group_008	scat_0001	JADDRP030000218.1	1	37666	3001840
scaff_group_008	scat_0001	JADDRP030000219.1	1	38022	3001840
scaff_group_008	scat_0001	JADDRP030000220.1	1	37481	3001840
scaff_group_008	scat_0001	JADDRP030000221.1	1	36568	3001840
scaff_group_008	scat_0001	JADDRP030000222.1	1	37126	3001840
scaff_group_008	scat_0001	JADDRP030000223.1	1	36785	3001840
scaff_group_008	scat_0001	JADDRP030000224.1	1	36692	3001840
scaff_group_008	scat_0001	JADDRP030000225.1	1	36754	3001840
scaff_group_008	scat_0001	JADDRP030000226.1	1	37075	3001840
scaff_group_008	scat_0001	JADDRP030000227.1	1	36107	3001840
scaff_group_008	scat_0001	JADDRP030000228.1	1	36760	3001840
scaff_group_008	scat_0001	JADDRP030000229.1	1	35969	3001840
scaff_group_008	scat_0001	JADDRP030000230.1	1	36695	3001840
scaff_group_008	scat_0001	JADDRP030000231.1	1	35539	3001840
scaff_group_008	scat_0001	JADDRP030000232.1	1	36029	3001840
scaff_group_008	scat_0001	JADDRP030000233.1	1	35600	3001840
scaff_group_008	scat_0001	JADDRP030000234.1	1	35595	3001840
scaff_group_008	scat_0001	JADDRP030000235.1	1	35532	3001840
scaff_group_009	scat_0001	JADDRP030000236.1	1	35322	2983201
scaff_group_009	scat_0001	JADDRP030000237.1	1	35334	2983201
scaff_group_009	scat_0001	JADDRP030000238.1	1	35609	2983201
scaff_group_009	scat_0001	JADDRP030000239.1	1	35511	2983201
scaff_group_009	scat_0001	JADDRP030000240.1	1	34702	2983201
scaff_group_009	scat_0001	JADDRP030000241.1	1	34488	2983201
scaff_group_009	scat_0001	JADDRP030000242.1	1	34466	2983201
scaff_group_009	scat_0001	JADDRP030000243.1	1	34165	2983201
scaff_group_009	scat_0001	JADDRP030000244.1	1	33977	2983201
scaff_group_009	scat_0001	JADDRP030000245.1	1	34819	2983201
scaff_group_009	scat_0001	JADDRP030000246.1	1	33505	2983201
scaff_group_009	scat_0001	JADDRP030000247.1	1	33420	2983201
scaff_group_009	scat_0001	JADDRP030000248.1	1	33271	2983201
scaff_group_009	scat_0001	JADDRP030000249.1	1	33074	2983201
scaff_group_009	scat_0001	JADDRP030000250.1	1	32985	2983201
scaff_group_009	scat_0001	JADDRP030000251.1	1	32889	2983201
scaff_group_009	scat_0001	JADDRP030000252.1	1	32735	2983201
scaff_group_009	scat_0001	JADDRP030000253.1	1	32475	2983201
scaff_group_009	scat_0001	JADDRP030000254.1	1	32481	2983201
scaff_group_009	scat_0001	JADDRP030000255.1	1	32917	2983201
scaff_group_009	scat_0001	JADDRP030000256.1	1	32170	2983201
scaff_group_009	scat_0001	JADDRP030000257.1	1	31703	2983201
scaff_group_009	scat_0001	JADDRP030000258.1	1	31728	2983201
scaff_group_009	scat_0001	JADDRP030000260.1	1	31439	2983201
scaff_group_009	scat_0001	JADDRP030000261.1	1	31317	2983201
scaff_group_009	scat_0001	JADDRP030000262.1	1	31517	2983201
scaff_group_009	scat_0001	JADDRP030000263.1	1	31783	2983201
scaff_group_009	scat_0001	JADDRP030000264.1	1	31478	2983201
scaff_group_009	scat_0001	JADDRP030000265.1	1	31220	2983201
scaff_group_009	scat_0001	JADDRP030000266.1	1	30374	2983201
scaff_group_009	scat_0001	JADDRP030000267.1	1	30795	2983201
scaff_group_009	scat_0001	JADDRP030000268.1	1	31016	2983201
scaff_group_009	scat_0001	JADDRP030000269.1	1	30412	2983201
scaff_group_009	scat_0001	JADDRP030000270.1	1	30903	2983201
scaff_group_009	scat_0001	JADDRP030000271.1	1	30704	2983201
scaff_group_009	scat_0001	JADDRP030000272.1	1	30050	2983201
scaff_group_009	scat_0001	JADDRP030000273.1	1	30295	2983201
scaff_group_009	scat_0001	JADDRP030000274.1	1	29367	2983201
scaff_group_009	scat_0001	JADDRP030000275.1	1	29345	2983201
scaff_group_009	scat_0001	JADDRP030000276.1	1	29094	2983201
scaff_group_009	scat_0001	JADDRP030000277.1	1	29301	2983201
scaff_group_009	scat_0001	JADDRP030000278.1	1	29206	2983201
scaff_group_009	scat_0001	JADDRP030000279.1	1	28733	2983201
scaff_group_009	scat_0001	JADDRP030000280.1	1	28714	2983201
scaff_group_009	scat_0001	JADDRP030000281.1	1	28598	2983201
scaff_group_009	scat_0001	JADDRP030000282.1	1	28240	2983201
scaff_group_009	scat_0001	JADDRP030000283.1	1	28189	2983201
scaff_group_009	scat_0001	JADDRP030000284.1	1	28175	2983201
scaff_group_009	scat_0001	JADDRP030000285.1	1	28075	2983201
scaff_group_009	scat_0001	JADDRP030000286.1	1	27938	2983201
scaff_group_009	scat_0001	JADDRP030000287.1	1	28254	2983201
scaff_group_009	scat_0001	JADDRP030000288.1	1	27886	2983201
scaff_group_009	scat_0001	JADDRP030000289.1	1	28140	2983201
scaff_group_009	scat_0001	JADDRP030000290.1	1	27718	2983201
scaff_group_009	scat_0001	JADDRP030000291.1	1	27617	2983201
scaff_group_009	scat_0001	JADDRP030000292.1	1	27714	2983201
scaff_group_009	scat_0001	JADDRP030000293.1	1	27415	2983201
scaff_group_009	scat_0001	JADDRP030000294.1	1	27275	2983201
scaff_group_009	scat_0001	JADDRP030000295.1	1	27186	2983201
scaff_group_009	scat_0001	JADDRP030000296.1	1	27111	2983201
scaff_group_009	scat_0001	JADDRP030000297.1	1	26947	2983201
scaff_group_009	scat_0001	JADDRP030000298.1	1	27040	2983201
scaff_group_009	scat_0001	JADDRP030000299.1	1	26825	2983201
scaff_group_009	scat_0001	JADDRP030000300.1	1	26674	2983201
scaff_group_009	scat_0001	JADDRP030000301.1	1	26713	2983201
scaff_group_009	scat_0001	JADDRP030000302.1	1	27063	2983201
scaff_group_009	scat_0001	JADDRP030000303.1	1	26583	2983201
scaff_group_009	scat_0001	JADDRP030000304.1	1	26526	2983201
scaff_group_009	scat_0001	JADDRP030000305.1	1	26425	2983201
scaff_group_009	scat_0001	JADDRP030000306.1	1	26304	2983201
scaff_group_009	scat_0001	JADDRP030000307.1	1	25768	2983201
scaff_group_009	scat_0001	JADDRP030000308.1	1	25642	2983201
scaff_group_009	scat_0001	JADDRP030000309.1	1	25561	2983201
scaff_group_009	scat_0001	JADDRP030000310.1	1	25333	2983201
scaff_group_009	scat_0001	JADDRP030000311.1	1	25635	2983201
scaff_group_009	scat_0001	JADDRP030000312.1	1	24515	2983201
scaff_group_009	scat_0001	JADDRP030000313.1	1	25722	2983201
scaff_group_009	scat_0001	JADDRP030000314.1	1	25634	2983201
scaff_group_009	scat_0001	JADDRP030000315.1	1	25102	2983201
scaff_group_009	scat_0001	JADDRP030000316.1	1	25102	2983201
scaff_group_009	scat_0001	JADDRP030000317.1	1	24819	2983201
scaff_group_009	scat_0001	JADDRP030000318.1	1	24891	2983201
scaff_group_009	scat_0001	JADDRP030000319.1	1	24706	2983201
scaff_group_009	scat_0001	JADDRP030000320.1	1	24708	2983201
scaff_group_009	scat_0001	JADDRP030000321.1	1	24584	2983201
scaff_group_009	scat_0001	JADDRP030000322.1	1	24581	2983201
scaff_group_009	scat_0001	JADDRP030000323.1	1	24543	2983201
scaff_group_009	scat_0001	JADDRP030000324.1	1	24673	2983201
scaff_group_009	scat_0001	JADDRP030000325.1	1	24456	2983201
scaff_group_009	scat_0001	JADDRP030000326.1	1	24449	2983201
scaff_group_009	scat_0001	JADDRP030000327.1	1	24436	2983201
scaff_group_009	scat_0001	JADDRP030000328.1	1	24426	2983201
scaff_group_009	scat_0001	JADDRP030000329.1	1	24352	2983201
scaff_group_009	scat_0001	JADDRP030000330.1	1	24356	2983201
scaff_group_009	scat_0001	JADDRP030000331.1	1	24135	2983201
scaff_group_009	scat_0001	JADDRP030000332.1	1	24064	2983201
scaff_group_009	scat_0001	JADDRP030000333.1	1	24031	2983201
scaff_group_009	scat_0001	JADDRP030000334.1	1	23922	2983201
scaff_group_009	scat_0001	JADDRP030000335.1	1	23861	2983201
scaff_group_009	scat_0001	JADDRP030000336.1	1	23760	2983201
scaff_group_009	scat_0001	JADDRP030000337.1	1	23694	2983201
scaff_group_009	scat_0001	JADDRP030000338.1	1	24062	2983201
scaff_group_009	scat_0001	JADDRP030000339.1	1	23349	2983201
scaff_group_009	scat_0001	JADDRP030000340.1	1	23539	2983201
scaff_group_009	scat_0001	JADDRP030000341.1	1	23350	2983201
scaff_group_010	scat_0001	JADDRP030000342.1	1	23290	3020896
scaff_group_010	scat_0001	JADDRP030000343.1	1	22874	3020896
scaff_group_010	scat_0001	JADDRP030000344.1	1	22785	3020896
scaff_group_010	scat_0001	JADDRP030000345.1	1	22435	3020896
scaff_group_010	scat_0001	JADDRP030000346.1	1	22388	3020896
scaff_group_010	scat_0001	JADDRP030000347.1	1	22327	3020896
scaff_group_010	scat_0001	JADDRP030000348.1	1	22205	3020896
scaff_group_010	scat_0001	JADDRP030000349.1	1	22224	3020896
scaff_group_010	scat_0001	JADDRP030000350.1	1	22230	3020896
scaff_group_010	scat_0001	JADDRP030000351.1	1	22143	3020896
scaff_group_010	scat_0001	JADDRP030000352.1	1	22016	3020896
scaff_group_010	scat_0001	JADDRP030000353.1	1	21977	3020896
scaff_group_010	scat_0001	JADDRP030000354.1	1	21915	3020896
scaff_group_010	scat_0001	JADDRP030000355.1	1	21633	3020896
scaff_group_010	scat_0001	JADDRP030000356.1	1	22113	3020896
scaff_group_010	scat_0001	JADDRP030000357.1	1	21457	3020896
scaff_group_010	scat_0001	JADDRP030000358.1	1	21545	3020896
scaff_group_010	scat_0001	JADDRP030000359.1	1	21967	3020896
scaff_group_010	scat_0001	JADDRP030000360.1	1	21403	3020896
scaff_group_010	scat_0001	JADDRP030000361.1	1	21280	3020896
scaff_group_010	scat_0001	JADDRP030000362.1	1	21075	3020896
scaff_group_010	scat_0001	JADDRP030000363.1	1	21028	3020896
scaff_group_010	scat_0001	JADDRP030000364.1	1	20987	3020896
scaff_group_010	scat_0001	JADDRP030000365.1	1	21347	3020896
scaff_group_010	scat_0001	JADDRP030000366.1	1	20592	3020896
scaff_group_010	scat_0001	JADDRP030000367.1	1	20827	3020896
scaff_group_010	scat_0001	JADDRP030000368.1	1	21031	3020896
scaff_group_010	scat_0001	JADDRP030000370.1	1	20248	3020896
scaff_group_010	scat_0001	JADDRP030000371.1	1	20190	3020896
scaff_group_010	scat_0001	JADDRP030000372.1	1	20177	3020896
scaff_group_010	scat_0001	JADDRP030000373.1	1	19947	3020896
scaff_group_010	scat_0001	JADDRP030000374.1	1	19696	3020896
scaff_group_010	scat_0001	JADDRP030000375.1	1	19594	3020896
scaff_group_010	scat_0001	JADDRP030000576.1	1	115823	3020896
scaff_group_010	scat_0001	JADDRP030000376.1	1	19571	3020896
scaff_group_010	scat_0001	JADDRP030000377.1	1	19398	3020896
scaff_group_010	scat_0001	JADDRP030000378.1	1	19374	3020896
scaff_group_010	scat_0001	JADDRP030000379.1	1	19379	3020896
scaff_group_010	scat_0001	JADDRP030000380.1	1	19448	3020896
scaff_group_010	scat_0001	JADDRP030000381.1	1	19166	3020896
scaff_group_010	scat_0001	JADDRP030000382.1	1	19110	3020896
scaff_group_010	scat_0001	JADDRP030000383.1	1	18585	3020896
scaff_group_010	scat_0001	JADDRP030000384.1	1	18956	3020896
scaff_group_010	scat_0001	JADDRP030000385.1	1	18695	3020896
scaff_group_010	scat_0001	JADDRP030000386.1	1	18613	3020896
scaff_group_010	scat_0001	JADDRP030000387.1	1	18562	3020896
scaff_group_010	scat_0001	JADDRP030000388.1	1	18466	3020896
scaff_group_010	scat_0001	JADDRP030000389.1	1	18466	3020896
scaff_group_010	scat_0001	JADDRP030000390.1	1	18282	3020896
scaff_group_010	scat_0001	JADDRP030000391.1	1	18311	3020896
scaff_group_010	scat_0001	JADDRP030000392.1	1	18129	3020896
scaff_group_010	scat_0001	JADDRP030000393.1	1	18089	3020896
scaff_group_010	scat_0001	JADDRP030000394.1	1	18036	3020896
scaff_group_010	scat_0001	JADDRP030000395.1	1	18331	3020896
scaff_group_010	scat_0001	JADDRP030000396.1	1	17790	3020896
scaff_group_010	scat_0001	JADDRP030000397.1	1	17678	3020896
scaff_group_010	scat_0001	JADDRP030000398.1	1	17650	3020896
scaff_group_010	scat_0001	JADDRP030000399.1	1	17609	3020896
scaff_group_010	scat_0001	JADDRP030000400.1	1	17461	3020896
scaff_group_010	scat_0001	JADDRP030000401.1	1	17484	3020896
scaff_group_010	scat_0001	JADDRP030000402.1	1	17471	3020896
scaff_group_010	scat_0001	JADDRP030000403.1	1	17432	3020896
scaff_group_010	scat_0001	JADDRP030000404.1	1	17403	3020896
scaff_group_010	scat_0001	JADDRP030000405.1	1	17410	3020896
scaff_group_010	scat_0001	JADDRP030000407.1	1	17335	3020896
scaff_group_010	scat_0001	JADDRP030000408.1	1	17402	3020896
scaff_group_010	scat_0001	JADDRP030000409.1	1	17206	3020896
scaff_group_010	scat_0001	JADDRP030000410.1	1	17270	3020896
scaff_group_010	scat_0001	JADDRP030000411.1	1	17203	3020896
scaff_group_010	scat_0001	JADDRP030000412.1	1	17144	3020896
scaff_group_010	scat_0001	JADDRP030000413.1	1	17068	3020896
scaff_group_010	scat_0001	JADDRP030000414.1	1	16798	3020896
scaff_group_010	scat_0001	JADDRP030000415.1	1	16801	3020896
scaff_group_010	scat_0001	JADDRP030000416.1	1	16737	3020896
scaff_group_010	scat_0001	JADDRP030000417.1	1	16750	3020896
scaff_group_010	scat_0001	JADDRP030000418.1	1	16248	3020896
scaff_group_010	scat_0001	JADDRP030000419.1	1	16265	3020896
scaff_group_010	scat_0001	JADDRP030000420.1	1	16221	3020896
scaff_group_010	scat_0001	JADDRP030000421.1	1	16092	3020896
scaff_group_010	scat_0001	JADDRP030000422.1	1	16055	3020896
scaff_group_010	scat_0001	JADDRP030000423.1	1	16031	3020896
scaff_group_010	scat_0001	JADDRP030000424.1	1	16052	3020896
scaff_group_010	scat_0001	JADDRP030000426.1	1	16012	3020896
scaff_group_010	scat_0001	JADDRP030000427.1	1	15941	3020896
scaff_group_010	scat_0001	JADDRP030000428.1	1	15836	3020896
scaff_group_010	scat_0001	JADDRP030000429.1	1	15490	3020896
scaff_group_010	scat_0001	JADDRP030000430.1	1	15435	3020896
scaff_group_010	scat_0001	JADDRP030000431.1	1	15337	3020896
scaff_group_010	scat_0001	JADDRP030000432.1	1	15282	3020896
scaff_group_010	scat_0001	JADDRP030000433.1	1	15262	3020896
scaff_group_010	scat_0001	JADDRP030000434.1	1	15214	3020896
scaff_group_010	scat_0001	JADDRP030000435.1	1	14763	3020896
scaff_group_010	scat_0001	JADDRP030000436.1	1	14791	3020896
scaff_group_010	scat_0001	JADDRP030000437.1	1	14529	3020896
scaff_group_010	scat_0001	JADDRP030000438.1	1	14429	3020896
scaff_group_010	scat_0001	JADDRP030000439.1	1	14335	3020896
scaff_group_010	scat_0001	JADDRP030000440.1	1	14263	3020896
scaff_group_010	scat_0001	JADDRP030000441.1	1	14247	3020896
scaff_group_010	scat_0001	JADDRP030000442.1	1	14171	3020896
scaff_group_010	scat_0001	JADDRP030000443.1	1	14037	3020896
scaff_group_010	scat_0001	JADDRP030000444.1	1	13720	3020896
scaff_group_010	scat_0001	JADDRP030000445.1	1	13583	3020896
scaff_group_010	scat_0001	JADDRP030000446.1	1	13585	3020896
scaff_group_010	scat_0001	JADDRP030000447.1	1	13478	3020896
scaff_group_010	scat_0001	JADDRP030000448.1	1	13476	3020896
scaff_group_010	scat_0001	JADDRP030000449.1	1	13287	3020896
scaff_group_010	scat_0001	JADDRP030000450.1	1	13208	3020896
scaff_group_010	scat_0001	JADDRP030000451.1	1	13150	3020896
scaff_group_010	scat_0001	JADDRP030000452.1	1	12944	3020896
scaff_group_010	scat_0001	JADDRP030000453.1	1	12758	3020896
scaff_group_010	scat_0001	JADDRP030000454.1	1	12636	3020896
scaff_group_010	scat_0001	JADDRP030000455.1	1	12593	3020896
scaff_group_010	scat_0001	JADDRP030000456.1	1	12366	3020896
scaff_group_010	scat_0001	JADDRP030000457.1	1	12360	3020896
scaff_group_010	scat_0001	JADDRP030000458.1	1	12324	3020896
scaff_group_010	scat_0001	JADDRP030000459.1	1	12195	3020896
scaff_group_010	scat_0001	JADDRP030000460.1	1	12116	3020896
scaff_group_010	scat_0001	JADDRP030000461.1	1	12069	3020896
scaff_group_010	scat_0001	JADDRP030000462.1	1	11808	3020896
scaff_group_010	scat_0001	JADDRP030000463.1	1	12253	3020896
scaff_group_010	scat_0001	JADDRP030000464.1	1	11673	3020896
scaff_group_010	scat_0001	JADDRP030000465.1	1	11626	3020896
scaff_group_010	scat_0001	JADDRP030000466.1	1	11577	3020896
scaff_group_010	scat_0001	JADDRP030000467.1	1	11552	3020896
scaff_group_010	scat_0001	JADDRP030000468.1	1	11451	3020896
scaff_group_010	scat_0001	JADDRP030000469.1	1	11252	3020896
scaff_group_010	scat_0001	JADDRP030000470.1	1	11185	3020896
scaff_group_010	scat_0001	JADDRP030000471.1	1	11101	3020896
scaff_group_010	scat_0001	JADDRP030000472.1	1	11183	3020896
scaff_group_010	scat_0001	JADDRP030000473.1	1	11057	3020896
scaff_group_010	scat_0001	JADDRP030000474.1	1	11055	3020896
scaff_group_010	scat_0001	JADDRP030000475.1	1	10929	3020896
scaff_group_010	scat_0001	JADDRP030000476.1	1	10858	3020896
scaff_group_010	scat_0001	JADDRP030000477.1	1	10870	3020896
scaff_group_010	scat_0001	JADDRP030000478.1	1	10958	3020896
scaff_group_010	scat_0001	JADDRP030000479.1	1	10633	3020896
scaff_group_010	scat_0001	JADDRP030000480.1	1	10595	3020896
scaff_group_010	scat_0001	JADDRP030000481.1	1	10520	3020896
scaff_group_010	scat_0001	JADDRP030000482.1	1	10280	3020896
scaff_group_010	scat_0001	JADDRP030000483.1	1	10268	3020896
scaff_group_010	scat_0001	JADDRP030000484.1	1	10189	3020896
scaff_group_010	scat_0001	JADDRP030000485.1	1	10112	3020896
scaff_group_010	scat_0001	JADDRP030000487.1	1	9983	3020896
scaff_group_010	scat_0001	JADDRP030000488.1	1	9899	3020896
scaff_group_010	scat_0001	JADDRP030000489.1	1	9625	3020896
scaff_group_010	scat_0001	JADDRP030000490.1	1	9830	3020896
scaff_group_010	scat_0001	JADDRP030000491.1	1	9690	3020896
scaff_group_010	scat_0001	JADDRP030000492.1	1	9900	3020896
scaff_group_010	scat_0001	JADDRP030000493.1	1	9657	3020896
scaff_group_010	scat_0001	JADDRP030000494.1	1	9618	3020896
scaff_group_010	scat_0001	JADDRP030000495.1	1	9609	3020896
scaff_group_010	scat_0001	JADDRP030000496.1	1	9575	3020896
scaff_group_010	scat_0001	JADDRP030000497.1	1	9558	3020896
scaff_group_010	scat_0001	JADDRP030000498.1	1	9403	3020896
scaff_group_010	scat_0001	JADDRP030000499.1	1	9340	3020896
scaff_group_010	scat_0001	JADDRP030000500.1	1	9086	3020896
scaff_group_010	scat_0001	JADDRP030000501.1	1	8997	3020896
scaff_group_010	scat_0001	JADDRP030000502.1	1	8822	3020896
scaff_group_010	scat_0001	JADDRP030000503.1	1	8796	3020896
scaff_group_010	scat_0001	JADDRP030000504.1	1	8787	3020896
scaff_group_010	scat_0001	JADDRP030000505.1	1	8753	3020896
scaff_group_010	scat_0001	JADDRP030000506.1	1	8677	3020896
scaff_group_010	scat_0001	JADDRP030000507.1	1	8682	3020896
scaff_group_010	scat_0001	JADDRP030000508.1	1	8645	3020896
scaff_group_010	scat_0001	JADDRP030000509.1	1	8613	3020896
scaff_group_010	scat_0001	JADDRP030000510.1	1	8387	3020896
scaff_group_010	scat_0001	JADDRP030000511.1	1	8285	3020896
scaff_group_010	scat_0001	JADDRP030000512.1	1	8245	3020896
scaff_group_010	scat_0001	JADDRP030000513.1	1	8229	3020896
scaff_group_010	scat_0001	JADDRP030000515.1	1	8142	3020896
scaff_group_010	scat_0001	JADDRP030000574.1	1	198160	3020896
scaff_group_010	scat_0001	JADDRP030000516.1	1	8080	3020896
scaff_group_010	scat_0001	JADDRP030000517.1	1	8066	3020896
scaff_group_010	scat_0001	JADDRP030000518.1	1	8024	3020896
scaff_group_010	scat_0001	JADDRP030000519.1	1	8013	3020896
scaff_group_010	scat_0001	JADDRP030000520.1	1	7696	3020896
scaff_group_010	scat_0001	JADDRP030000521.1	1	7708	3020896
scaff_group_010	scat_0001	JADDRP030000522.1	1	7511	3020896
scaff_group_010	scat_0001	JADDRP030000523.1	1	7535	3020896
scaff_group_010	scat_0001	JADDRP030000524.1	1	7299	3020896
scaff_group_010	scat_0001	JADDRP030000525.1	1	7309	3020896
scaff_group_010	scat_0001	JADDRP030000526.1	1	7300	3020896
scaff_group_010	scat_0001	JADDRP030000527.1	1	7217	3020896
scaff_group_010	scat_0001	JADDRP030000528.1	1	7119	3020896
scaff_group_010	scat_0001	JADDRP030000529.1	1	6995	3020896
scaff_group_010	scat_0001	JADDRP030000530.1	1	6732	3020896
scaff_group_010	scat_0001	JADDRP030000531.1	1	6650	3020896
scaff_group_010	scat_0001	JADDRP030000532.1	1	6640	3020896
scaff_group_011	scat_0001	JADDRP030000533.1	1	6509	2013617
scaff_group_011	scat_0001	JADDRP030000534.1	1	6489	2013617
scaff_group_011	scat_0001	JADDRP030000535.1	1	6434	2013617
scaff_group_011	scat_0001	JADDRP030000536.1	1	6460	2013617
scaff_group_011	scat_0001	JADDRP030000537.1	1	6407	2013617
scaff_group_011	scat_0001	JADDRP030000538.1	1	6304	2013617
scaff_group_011	scat_0001	JADDRP030000539.1	1	6243	2013617
scaff_group_011	scat_0001	JADDRP030000540.1	1	6083	2013617
scaff_group_011	scat_0001	JADDRP030000541.1	1	5917	2013617
scaff_group_011	scat_0001	JADDRP030000542.1	1	5907	2013617
scaff_group_011	scat_0001	JADDRP030000543.1	1	5592	2013617
scaff_group_011	scat_0001	JADDRP030000544.1	1	5560	2013617
scaff_group_011	scat_0001	JADDRP030000545.1	1	5491	2013617
scaff_group_011	scat_0001	JADDRP030000547.1	1	5313	2013617
scaff_group_011	scat_0001	JADDRP030000548.1	1	5298	2013617
scaff_group_011	scat_0001	JADDRP030000549.1	1	5126	2013617
scaff_group_011	scat_0001	JADDRP030000550.1	1	5072	2013617
scaff_group_011	scat_0001	JADDRP030000551.1	1	5049	2013617
scaff_group_011	scat_0001	JADDRP030000552.1	1	4920	2013617
scaff_group_011	scat_0001	JADDRP030000553.1	1	4798	2013617
scaff_group_011	scat_0001	JADDRP030000554.1	1	4821	2013617
scaff_group_011	scat_0001	JADDRP030000555.1	1	4734	2013617
scaff_group_011	scat_0001	JADDRP030000556.1	1	4562	2013617
scaff_group_011	scat_0001	JADDRP030000557.1	1	4559	2013617
scaff_group_011	scat_0001	JADDRP030000558.1	1	4135	2013617
scaff_group_011	scat_0001	JADDRP030000559.1	1	3264	2013617
scaff_group_011	scat_0001	JADDRP030000560.1	1	2923	2013617
scaff_group_011	scat_0001	JADDRP030000561.1	1	2613	2013617
scaff_group_011	scat_0001	JADDRP030000562.1	1	2279	2013617
scaff_group_011	scat_0001	JADDRP030000563.1	1	1974	2013617
scaff_group_011	scat_0001	JADDRP030000564.1	1	1965	2013617
scaff_group_011	scat_0001	JADDRP030000565.1	1	1578	2013617
scaff_group_011	scat_0001	JADDRP030000566.1	1	1048	2013617
scaff_group_011	scat_0001	JADDRP030000567.1	1	668	2013617
scaff_group_011	scat_0001	JADDRP030000577.1	1	42799	2013617
scaff_group_011	scat_0001	JADDRP030000568.1	1	327343	2013617
scaff_group_011	scat_0001	JADDRP030000573.1	1	196637	2013617
scaff_group_011	scat_0001	JADDRP030000575.1	1	87622	2013617
scaff_group_011	scat_0001	JADDRP030000585.1	1	10190	2013617
scaff_group_011	scat_0001	JADDRP030000579.1	1	58815	2013617
scaff_group_011	scat_0001	JADDRP030000615.1	1	72275	2013617
scaff_group_011	scat_0001	JADDRP030000583.1	1	70135	2013617
scaff_group_011	scat_0001	JADDRP030000609.1	1	24081	2013617
scaff_group_011	scat_0001	JADDRP030000601.1	1	51287	2013617
scaff_group_011	scat_0001	JADDRP030000614.1	1	27898	2013617
scaff_group_011	scat_0001	JADDRP030000616.1	1	104808	2013617
scaff_group_011	scat_0001	JADDRP030000596.1	1	73850	2013617
scaff_group_011	scat_0001	JADDRP030000594.1	1	21155	2013617
scaff_group_011	scat_0001	JADDRP030000611.1	1	15152	2013617
scaff_group_011	scat_0001	JADDRP030000580.1	1	40131	2013617
scaff_group_011	scat_0001	JADDRP030000581.1	1	66011	2013617
scaff_group_011	scat_0001	JADDRP030000589.1	1	142442	2013617
scaff_group_011	scat_0001	JADDRP030000598.1	1	16276	2013617
scaff_group_011	scat_0001	JADDRP030000595.1	1	17527	2013617
scaff_group_011	scat_0001	JADDRP030000587.1	1	103234	2013617
scaff_group_011	scat_0001	JADDRP030000602.1	1	24307	2013617
scaff_group_011	scat_0001	JADDRP030000584.1	1	61945	2013617
scaff_group_011	scat_0001	JADDRP030000613.1	1	41151	2013617
scaff_group_011	scat_0001	JADDRP030000582.1	1	14501	2013617
scaff_group_011	scat_0001	JADDRP030000588.1	1	51903	2013617
scaff_group_011	scat_0001	JADDRP030000607.1	1	94047	2013617
