23N16233	23N16233	Cluster_1
23N16235	23N16235	Cluster_1
23N16237	23N16237	Cluster_1
23N16238	23N16238	Cluster_1
23N16239	23N16239	Cluster_1
23N16240	23N16240	Cluster_1
23N16241	23N16241	Cluster_1
23N16242	23N16242	Cluster_1
23N16243	23N16243	Cluster_1
23N16244	23N16244	Cluster_1
24N02336	24N02336	Cluster_2
24N02337	24N02337	Cluster_2
24N02338	24N02338	Cluster_2
24N02339	24N02339	Cluster_2
24N02340	24N02340	Cluster_2
24N02341	24N02341	Cluster_2
24N02342	24N02342	Cluster_2
24N02343	24N02343	Cluster_2
24N02344	24N02344	Cluster_2
24N02345	24N02345	Cluster_2
24N02346	24N02346	Cluster_2
24N02347	24N02347	Cluster_2
24N02349	24N02349	Cluster_3
24N02350	24N02350	Cluster_3
24N02352	24N02352	Cluster_3
24N02354	24N02354	Cluster_3
24N02355	24N02355	Cluster_3
24N02356	24N02356	Cluster_3
24N02358	24N02358	Cluster_3
24N02359	24N02359	Cluster_3
24N02360	24N02360	Cluster_4
24N02362	24N02362	Cluster_4
24N02363	24N02363	Cluster_4
24N02364	24N02364	Cluster_4
24N02365	24N02365	Cluster_4
24N02366	24N02366	Cluster_4
24N02367	24N02367	Cluster_4
24N02368	24N02368	Cluster_4
24N02369	24N02369	Cluster_4
24N02371	24N02371	Cluster_4
24N02397	24N02397	Cluster_5
24N02398	24N02398	Cluster_5
24N02399	24N02399	Cluster_5
24N02400	24N02400	Cluster_5
24N02401	24N02401	Cluster_5
24N02402	24N02402	Cluster_5
24N02403	24N02403	Cluster_5
24N02404	24N02404	Cluster_5
24N02406	24N02406	Cluster_5
24N02407	24N02407	Cluster_5
24N02408	24N02408	Cluster_5
24N02440	24N02440	Cluster_6
24N02441	24N02441	Cluster_6
24N02442	24N02442	Cluster_6
24N02443	24N02443	Cluster_7
24N02444	24N02444	Cluster_7
24N02445	24N02445	Cluster_7
24N02446	24N02446	Cluster_7
24N02447	24N02447	Cluster_7
24N02448	24N02448	Cluster_7
24N02449	24N02449	Cluster_7
24N02450	24N02450	Cluster_7
24N02451	24N02451	Cluster_7
24N02480	24N02480	Cluster_8
24N02481	24N02481	Cluster_8
24N02482	24N02482	Cluster_8
24N02483	24N02483	Cluster_8
24N02484	24N02484	Cluster_8
24N02485	24N02485	Cluster_8
24N02486	24N02486	Cluster_8
24N02487	24N02487	Cluster_8
24N02488	24N02488	Cluster_8
24N02497	24N02497	Cluster_9
24N02499	24N02499	Cluster_9
24N02500	24N02500	Cluster_9
24N02502	24N02502	Cluster_9
24N02503	24N02503	Cluster_9
24N02504	24N02504	Cluster_9
24N02505	24N02505	Cluster_9
24N02506	24N02506	Cluster_9
24N02507	24N02507	Cluster_9
24N02508	24N02508	Cluster_9
24N02517	24N02517	Cluster_10
24N02518	24N02518	Cluster_10
24N02519	24N02519	Cluster_10
24N02520	24N02520	Cluster_10
24N02521	24N02521	Cluster_10
24N02522	24N02522	Cluster_10
24N02523	24N02523	Cluster_10
24N02524	24N02524	Cluster_10
24N02525	24N02525	Cluster_10
24N02526	24N02526	Cluster_10
24N02527	24N02527	Cluster_10
24N02528	24N02528	Cluster_10
24N02535	24N02535	Cluster_11
24N02536	24N02536	Cluster_11
24N02537	24N02537	Cluster_11
24N02538	24N02538	Cluster_11
24N02539	24N02539	Cluster_11
24N02541	24N02541	Cluster_10
24N02542	24N02542	Cluster_10
24N02616	24N02616	Cluster_6
24N02618	24N02618	Cluster_6
24N02623	24N02623	Cluster_6
24N02624	24N02624	Cluster_6
24N02682	24N02682	Cluster_12
24N02683	24N02683	Cluster_12
24N02684	24N02684	Cluster_12
24N02685	24N02685	Cluster_12
24N02686	24N02686	Cluster_12
24N02688	24N02688	Cluster_12
24N02689	24N02689	Cluster_12
24N02690	24N02690	Cluster_12
24N02691	24N02691	Cluster_12
24N02692	24N02692	Cluster_12
24N02693	24N02693	Cluster_12
24N02794	24N02794	Cluster_13
24N02795	24N02795	Cluster_13
24N02796	24N02796	Cluster_13
24N02797	24N02797	Cluster_13
24N02799	24N02799	Cluster_13
24N02800	24N02800	Cluster_13
24N02801	24N02801	Cluster_13
24N02802	24N02802	Cluster_13
24N02804	24N02804	Cluster_13
24N02815	24N02815	Cluster_14
24N02816	24N02816	Cluster_14
24N02817	24N02817	Cluster_14
24N02818	24N02818	Cluster_14
24N02819	24N02819	Cluster_14
24N02820	24N02820	Cluster_14
24N02821	24N02821	Cluster_14
24N02822	24N02822	Cluster_14
24N02823	24N02823	Cluster_14
24N02824	24N02824	Cluster_14
24N02825	24N02825	Cluster_14
24N02826	24N02826	Cluster_14
25N03037	25N03037	Cluster_15
25N03038	25N03038	Cluster_15
25N03039	25N03039	Cluster_15
25N03040	25N03040	Cluster_15
25N03041	25N03041	Cluster_15
25N03042	25N03042	Cluster_15
25N03043	25N03043	Cluster_15
25N03044	25N03044	Cluster_15
25N03045	25N03045	Cluster_15
25N03046	25N03046	Cluster_15
25N03047	25N03047	Cluster_15
25N03048	25N03048	Cluster_15
25N03067	25N03067	Cluster_16
25N03068	25N03068	Cluster_16
25N03069	25N03069	Cluster_16
25N03070	25N03070	Cluster_16
25N03071	25N03071	Cluster_16
25N03072	25N03072	Cluster_16
25N03073	25N03073	Cluster_16
25N03074	25N03074	Cluster_16
25N03075	25N03075	Cluster_16
25N03076	25N03076	Cluster_16
25N03077	25N03077	Cluster_16
25N03078	25N03078	Cluster_16
25N03097	25N03097	Cluster_17
25N03098	25N03098	Cluster_17
25N03099	25N03099	Cluster_17
25N03100	25N03100	Cluster_17
25N03101	25N03101	Cluster_17
25N03102	25N03102	Cluster_17
25N03103	25N03103	Cluster_17
25N03104	25N03104	Cluster_17
25N03105	25N03105	Cluster_17
25N03106	25N03106	Cluster_17
25N03107	25N03107	Cluster_17
25N03108	25N03108	Cluster_17
25N13574	25N13574	Cluster_18
25N13576	25N13576	Cluster_18
25N13577	25N13577	Cluster_18
25N13578	25N13578	Cluster_18
25N13579	25N13579	Cluster_18
25N13580	25N13580	Cluster_18
25N13581	25N13581	Cluster_18
25N13582	25N13582	Cluster_18
25N13583	25N13583	Cluster_18
25N13584	25N13584	Cluster_18
25N13585	25N13585	Cluster_18
25N13586	25N13586	Cluster_18
25N13631	25N13631	Cluster_19
25N13632	25N13632	Cluster_19
25N13633	25N13633	Cluster_19
25N13634	25N13634	Cluster_19
25N13635	25N13635	Cluster_19
25N17421	25N17421	Cluster_20
25N17422	25N17422	Cluster_20
25N17423	25N17423	Cluster_20
25N17424	25N17424	Cluster_20
25N17425	25N17425	Cluster_20
25N17426	25N17426	Cluster_20
25N17427	25N17427	Cluster_20
25N17428	25N17428	Cluster_20
25N17429	25N17429	Cluster_20
25N17430	25N17430	Cluster_20
25N17431	25N17431	Cluster_20
25N17432	25N17432	Cluster_20
25N19612	25N19612	Cluster_21
25N19613	25N19613	Cluster_21
25N19614	25N19614	Cluster_21
25N19615	25N19615	Cluster_21
25N19616	25N19616	Cluster_21
25N19617	25N19617	Cluster_21
24N21269	24N21269	Cluster_21
